UserName,Comment
natalieblume,Keashan was extremely easy to work with. Communicating my project needs was easy and he made the process fast and painless. The tool he created is 100% accurate and he even went above and beyond identifying a way I could further improve the project outcome. I am very pleased with his work and would highly recommend him for your next Excel project.
onesurya,It is very very good that I am working with Keashan. I have been working with him for a long time ago. Excellent as always! Thanks
karp123,Excellent job. They know what they are doing!
vladimizner,Thank you very much!
karp123,Awesome Job! On Time!
agconsultcoach,"I highly recommend him for any excel formulas. This was extremely complex. Amazing work, thank you!"
mbakara630,"Best Service , Best Price Many Thanks"
agulewinteredo,great seller. very responsive. Very professional. Smart. Flexible. Highly recommend him. Have worked with him several times.
karp123,Excellent job! On-Time!
vijaykoul165,"Awesome developer, great work ethic. Have worked with him bunch of times in the past. Will keep working with him in the future. Will not hesitate to recommend him."
karp123,Outstanding work. Fast! Will work with again
karp123,Incredible job! On time as always.
karp123,Great job again. Will use it often.
karp123,Was on time. Great job
karp123,Awesome! Timely
karp123,Incredible!
beercartel,"Successful project, thank you."
ekalb355,This is my 2nd gig with him and it was another great experience. 5 Stars all the way!
beercartel,All good thank you.
oranjeboom,"Fantastic work, great communication, and professional service!"
swing2,"Excellent solutions, quick work. Very impressive!"
ekalb355,Thank you. He delivered exactly what was needed. Very pleased.
oranjeboom,"Fantastic service, outstanding communication, and great value. Highly recommend!"
vijaykoul165,"Excellent Work. More than satisfied with both quality and promptness. A through professional. Will use his services, whenever possible."
urself,Will buy again
urself,Awesome job. Can highly recommend
beercartel,Always good.
beercartel,Always good
californiafrida,It’s always great working with Keashan. He continues to help me cut corners and save time in my business processes using his custom tools. Highly recommend.
nbenoni,Nice job thank you!
beercartel,Thanks again
beercartel,"Always good, thanks."
beercartel,Always great.
johnse,"I have worked with the Seller in the past and he is fast, efficient and has always delivered what he promises."
agulewinteredo,Great seller. Very fast and responsive. Highly recommended
elementarysh,Troubleshooting worked and even did remote access to evaluate the problem. Everything worked GREAT!
georgeforsyth,I am so satisfied with the service im going to give more work straight away
beercartel,Always good.
beercartel,Always great.
khadijakubra92,Great work always!!!!!
malikfaisal930,Awesome. Thank you
nikolasjbaret,Keashan is my go-to Fiverr for all excel related work
khadijakubra92,Awesome!!!!!!!
khadijakubra92,Beyond expectations always!!!!!!!!!!!!!!!!! Good job. Highly recommended!!!!
beercartel,Perfect as always
beercartel,Always good
handheldvacuum,Very good seller with high skill and nice!
georgeforsyth,great service as always
ab1524,"Keashan was very easy to work with, knowlegable, and patient. I am happy with the end result."
pixelweb_de,Excellent work done by keashan!
pixelweb_de,"Thanks for your work, iam really pleased! - Very good"
malikfaisal930,Awesome Experience
jessicabrown412,Thanks again for a great job!
malikfaisal930,Awesome thank you
jessicabrown412,Best seller on fiverr! Have been using for years.
malikfaisal930,Thank you so much. you are ab expert. keep going.
hawk1309,Amazing job. Totally understood what I needed and delivered way before the deadline. Thank you!!
tessaloe,Greatly accomplished task given!
malikfaisal930,Excellent. wowww
malikfaisal930,Excellent. Thank you. Best in class
purduekappa11,great work and fast
musicbrick,"This was an incredibly easy gig for me Keashan was on point every step of the way. His communication was second to none, down to being completely fluent in English. I was absolutely delighted with the end result and would highly recommend his services. Simply put... You've come to the right place"
vladimizner,
malikfaisal930,Excellent Experience. Thank you. highly recommended
georgeforsyth,great as always
beercartel,Always good
malikfaisal930,Great Experience.. Professional seller. Expert in Excel. you could call him Excel Guru...101% Recommended.
robertoguizzett,because i receive a good impression for this seller
beercartel,Always good.
beercartel,Always Good
mwjng2003,Very responsive and professional
mwjng2003,Another well delivered job.....Thanks
vishnuvt,Great to work with Mr. Keashan. It was a complex project and Keashan understood it very well.
californiafrida,Stress free - He gets everything done without much input from me.
georgeforsyth,great thanks for your help
branfred,Extremely fast and did exactly what I was looking for.
ajyajyajy,very easy to work with... easy to understand code! thank you!
onesurya,"Yes, He is very very good! He knows his job very well! I am a repeating customer."
gripfactorymuc,Excellent service provided by Keashan
sivaroopan,"I have worked with Keashan previously. He delivered an amazing product. Hence, I decided to engage him again. He has great skills and I am happy with the delivery."
beercartel,Good as always
maschine,A++ as always with Keashan. Over delivered before the deadline.
beercartel,Great as always.
swing2,"Excellent, as always."
beercartel,Great as always.
deepika1423,Keashan is amazing! He goes above and beyond to ensure that he delivers a good product.
ashokseshadri,Good Job by Keashan.
bibowoka,Easy communication and good attention to detail.
deepika1423,Keashan has great knowledge in VBA and was able to grasp the requirements rather easily and delivered a great product. I am very impressed with the current work and will definately work with him in the future.
nafeesmalik,"It was great experience to work with Keashan, Good communication."
vishnuvt,Great gig. Delivered 100% as expected and on time.
rpbproduction,"They we fine, did what was asked."
stefanvan1,Delivered faster than communicated!
omgs1wtf,Great work finished in 12 hours.
mgastulo,"Very happy with this gig, especially because I was a little nervous having never used Fiverr before. Thanks for your help."
mwjng2003,The usual high standard of work...... Quick resolution and professional service. Thank You
maizepays,smooth experience with vba code to perform data download from Google Sheets. Fast delivery. Will use again
brianstahlhut,Job well done
mwjng2003,Consistent great work Seller pays attention to every details and caters to most exceptions. Brilliant! Thanks again
mwjng2003,Excellent job Highly recommended
mwjng2003,Another fine piece of work delivered according to specs despite seller being under the weather.... Appreciate the commitment....
lazanti,Great delivery and service!
oranjeboom,Great job and great communication!
nidour,The project was small but the result was GREAT... Thank you...!!!
jonunearthed,"Always a pleasure. I empathise that you are busy these days, testament to the work you are doing. Thanks as always."
budowski,Very fast completion. Will use again. Highly recommend.
mwjng2003,Another great job completed. Thanks.
mwjng2003,"Another well done professional job. Thank you. Will contact you for the next job, always."
mwjng2003,Very quick turnaround. Professional work. Will be engaging him for other gigs. Thanks
mwjng2003,Seller went above and beyond his way to fulfill the requirements and iterations of checking and testing. Highly recommended. Thank you!
beercartel,"Great, as always"
mwjng2003,Great work as always. always dependable and highly professional. This is my third order. Thanks
mwjng2003,Very fast delivery. Seller is able to anticipate other events and deal with them very professionally. thanks
mwjng2003,Excellent quality work. thanks
naturelouk,
fmunoz1978,Amazing! Thank you
bjbeacon,So fast he made my head spin. Accuracy 100%
nsasso,"Super fast delivery, macro does exaclty what I need it to. I would defntley work with Keshan again."
eenappelperdag,Very good job! Thank you!
georgeforsyth,GREAT AS USUAL
dpenny313,Great gig! Got exactly what I needed!
nsasso,Delievered a great product. Was very patient and made sure to resolve 100% of the issues before closing the job.
stefanoborghi19,A really reliable seller. I surely will buy from him again.
johnmcathey,Amazing service. Responded withing 24 hours to any inquires. Was helpful when revisions were needed. Great all around
tom4239,
topaffiliate,After quite a few projects Keashan nails it the first time everytime. My go to guy for all Excel projects.
ainisrad,"Great speed and accuracy, well recommended."
topaffiliate,Awesome and timely as usual!
rainybu,very good!!! thank you for your hard work :)
nsasso,Keashan got my project done quickly and professionally.
rachel1126,"Great seller, thanks for the fast work"
ivumirai,It was amazing and fast delevry! I highly recommend him!!
vanbrunt,"Exactly what I wanted. Really smart guy, excellent skills. In the past, I've sent these same sets of instructions to others and they were so confused they didn't even know how to start. But keashan knew from the first second. I guess that's why he stays so busy. I have a lot of projects coming up and will be back to utilize his expertise again"
vanbrunt,Exactly what I wanted. Great Freelancer
brianstahlhut,well done thanks
userza_123,wow - excellent skills & service! recommended!
karp123,Great job. Really nailed it! Would Recommend!
michaellau853,Very knowledgeable and friendly. Helped to fix our macro quickly. After-sales support is also great. Will definitely do business again.
deep87fdz9,You did exaclly what i need! Thank you!
sabilsalim,Keashan was great to work with. my 2nd gig and he didn't disappoint again!
realrocker_new,excellent work. thanks
flight1988,"Amazing experience! Really great communication, delivered exactly what I asked for, and was super quick. If I could pay double, I would."
entromarketing,Great work by him
jessicabrown412,Also great value for money and happy to make revisions.
yusrazakir95,Very quick and professional. Highly recommend his service and will definitely use again. Thanks again!
snehpetsmot,Needed a custom macro to save a sheet as a CSV from another sheet. Keashan got the macro made almost immediately and it was a pleasure working with them!
gleamtv,Keashan was amazing!! He delivered in an expedited manner which was necessary and appreciated!! Thank you!!
georgeforsyth,
martennwt,"Again Keashan, you delivered a great job and fulfilled all expectations. You are friendly, patiently and always keen to really help the customers till he is satisfied. I will recommend you and come back for the next job"
satori_acme,Great job!
martennwt,"Did a really good job, fast delivery, great work attitude, friendly and such a professional freelancer. Need more people like this."
punkins3,"I did not know that he was going to ask for more money to have the task done, nevertheless the product was exactly what I was looking for and the communitation was effective."
hobbysauger,Needed several revisions and had to do quite some testing until all bugs were fixed. But the final result is very good.
hobbysauger,Needed several revisions and had to do quite some testing until all bugs were fixed. But the final result is very good.
michaelcary76,Very responsive and followed through very well to completion.
martennwt,"Very friendly, professional and helpful."
kennedy247,Awesome work as always
biancatartarone,the seller provide great service
swing2,"As always, did a great job."
maschine,"As always, Faster than expected and above and beyond quality. The best I've ever worked with."
robertonotte,I'm amazed with Keashan work! We tipped double cause we simply couldn't believe he was able to solve such a large problem in a such a short time-frame. We love this seller
peinty,Great job! will try again.
hobbysauger,"Very fast, very good."
mmchs_mike,Thank you!
swing2,Excellent work and easy to review/update with.
vmoroz,Great work and communication. Keashan is able to deliver exactly what I was looking for and make modifications as requested. Will work again!
swing2,"Excellent, very quick and delivered what was needed."
michaelmonpvhk,keashan is way responsive and knows exactly what I am looking for without further clarification. I am glad that he saved me from spending loads of time to deal with the task
dolancs,"Excellent work! met and exceeded my expectations! Thanks so much and, will be back soon."
vus2002,Always delivers as promised. Easy to work with.
supertonesband,Thank you
khadijakubra,Professional as always
khadijakubra,Great work.
hassanrehmani,
bunuub,This guy is just AWESOME. I would recommend him to anyone seeking for Excel works. Very high quality work and way above my expectations.
thebbshorty,Thank you for your help.. great job
swing2,Quick and delivered what I needed.
maschine,Fast Delivery and delivered EXACTLY what I needed.
jonunearthed,"Second time I've worked with Keashan, very much appreciate his work. Will visit again!"
maschine,Amazing work. Understood exactly what I needed and delivered way ahead of schedule. Will absolutely work with him again.
vus2002,Great service! Easy to work with.
khabibullos,He is efficient and does a great job in VBA
grant_ahc,"Very fast response and delivery, did exactly what was asked. Fantastic service!"
sabilsalim,Delivered as ordered on changes required . Quick turnaround. Easy transaction
chuongdo,Good product works
joshsf,please see my other reviews of Keashan. Always super professional and delivers what is asked.
nhiras,Helped create a macro to process Excel data. Good work. Thanks
joshsf,Keashan went above and beyond to deliver against a deadline.
joshsf,Always on time and completely professional. The best!
ccaimm,Great again
ccaimm,Great person and great work
andi_90,"Excellent, as always. I can highly recommend keashan!"
christojuan,This guy will not quit until the solution is right. Great person to work with. Very smart and patient.
mjkim2,It's been pleasure to work with Keashan. Great communication and delivered perfect outcome! I will definitely work with Keashan again. :)
christojuan,"Seriously awesome experience. Great guy, persistently worked to make the solution perfect. Thanks SO much!"
joshsf,I learn something new every time I work with Keashan. He's deeply experienced in VBA and has been able to realize every project I've given him.
andi_90,the task was completed in a timely manner. several revisions were completed without any problems.
joshsf,Always the best.
creativa3d,Outsanding Experience ! Very good job !
joshsf,"excellent, as usual"
joshsf,"Keashan is a rock solid VBA programmer and great mentor/collaborator. My project involves a lot of complexity including API integration, automation, information architecture, and UI and he hasn't missed a beat."
joshsf,"Exactly the help I was looking for. Great English speaker, Plan to work with Keashan many more times in the future."
icwilson33,This guy was great. He sent a cool video explaining how he did the work for future reference.
andi_90,fast delivery. good communication.
bkhansen,Perfect!!!
vus2002,"Great communication, fast and accurate delivery. Excellent seller!"
mcollins354,Keashan was very helpful through this entire process. We ran into some issues and he worked tirelessly to figure it out. He went above and beyond and I greatly appreciate all his help. Thanks and I highly recommend!
malikfaisal930,He is a Pro. Highly recommended if you want to automate your excel or any thing you need related to VBA. Thank you Keashan
frutago,I don't now what to say. I worked for the first time with someone on fiverr and the experience could not have been better. Keashan took so much time and helped me a lot. I would recommend working with him because in my opinion he is the best. He did actually exactly what I was looking for and was very helpful when I had little difficulties.
malikfaisal930,Outstanding Experience!
matrobinson,Cancelled order. Seller failed to deliver on time!
malikfaisal930,Outstanding Experience
aftcomms,"Keashan is a pleasure to work with, will always go back to him. Thank you"
khadijakubra,Excellent work!
khadijakubra,Awesome work as ever. Thanks
lingwilly88,fast delivery
malikfaisal930,Outstanding Experience. Keashan is a VBA guru. if you want to automate your excel. He is your guy.
riaz05,The results were great with speedy service and all the requirements being met. Always great work highly recommended.
riaz05,I had problems with excel macro. He quickly solved my problems. He is really mastering her business. I highly recommend him
khadijakubra,Outstanding experience!
khadijakubra,Outstanding experience!
kennedy247,great work as always
kennedy247,Great work as always
mobilecouponbud,Great Service! Definately will use again.
khadijakubra,excellent and good job done. will hire again.
khadijakubra,Outstanding experience!
mobilecouponbud,Keashan is always great!
nikolasjbaret,great service !
nikolasjbaret,I will only work with keashan. The best out on this site.
beercartel,"Another great project, thanks"
brunoevangelist,The result match the Gig’s description. I plan to buy again!
besteideas,Needed project done in a hurry - starting on Sunday - no problem - all works!
jessicabrown412,Outstanding as always!
jpeaz001,100% Professional.
jpeaz001,
topaffiliate,Outstanding Experience!
brunoevangelist,Very smart to solve problems. The professional presents the solutions with excellent visual (excellent layout). And still make some corrections when needed. Excellent professional!!
jessicabrown412,I've ordered several times from Keashan and he has never let me down. Always exceeds my expectations and provides superior results. He is fantastic at understanding the problem and needs of the client and has helped me immensely!
careerbelay2,Outstanding Experience!
boleslovas,"All my requests were fully fulfilled. I had some final adjustments which were implemented very quickly. Thank you, I can recommend these services to all."
harboulizizo,"Best seller i'm working with hem again and again, The best"
nikolasjbaret,As always my friend. Completed to perfection.
cravenknight,"Buyer understood my requirements remarkably well, especially considering that they needed to read through my poorly documented PHP code to understand the web application I needed transformed into a mobile app. Only minimal changes were needed after delivery. Very impressive work. :)"
jessicabrown412,Brilliant work! Simply the best Excel helper on fiverr!
nikolasjbaret,Keashan is the best hands down. Always on top of your orders and quickly responds. Thank you!
xoxophd,"keashan is awesome, he really helped me out when i had an urgent excel problem. i shared my screen and he walked through identifying the problem and solved in 15m. i am so happy to get past this problem."
chaimb,"Keashan provided a really EXCELLENT and OUTSTANDING level of professionalism and support , and an understanding of the complex issues on hand and a great ability to solve them quickly."
joel3792,"Very good programmer, good communication and very flexible. Will use again in the future."
taipan2,Handled a few change orders quickly and professionally. Still my go to for any macro work.
yusrazakir95,Excellent experience. Really fast and he has perfect command in his work. Highly recommended and will surely use his services again. Thankyou so much !
harboulizizo,"He's a very talented seller, he's very smart and fast surely i'll work with hem again, Thank you"
ahmadalsaeedi,"He is very good sellers, he did for me 2 apps that working on MIT App Inventor 2, they working very good, I recommend to do works with him [ I received the order before the deadline ]"
taipan2,I have tried several different sellers to get this macro built and had many failures. Keashan built it in record time and it is perfect efficient and accurate. I will defiantly be back for all of my macro needs.
stinger303,It's great working with Keashan. Will definitely keep on coming back.
stinger303,He hit it out of the park again. Keashan can absolutely do anything. He is amazing. I will continue to come back
stinger303,He hit it out of the park again. Keashan can absolutely do anything. He is amazing. I will continue to come back
californiafrida,"I always come to Keashan with projects that I have no clue how to handle and he knocks them out of the park in no time. Not only did he create exactly what we needed, he took the time to fine tune any requests I had and every created a guide to help walk me through using this tool. This is our second project together and there will be many more!"
terjehev,"Great communication, finished on time and as wanted. Great job!"
mashroofa,Excellent Developer
juliusroberts,Outstanding Experience!
stinger303,Excellent seller. Very quick with his work. ad my request done in a few hours.
beercartel,Outstanding Experience!
nerudaxxi,Excelent again!! From Chile.. Thank you very much!!
nerudaxxi,Excelent and fast!!
dataseeker,Impressive work! Well done!
alex828,Outstanding Experience!
stevengerner,"Fast service, quick communication, and excellent results! Rates were very affordable and Keashan went above and beyond my expectations and request to ensure the end product was convenient and easy to use for the end user!"
chaimb,"Keashan tackled the task with professionalism, devotion and great concern that all should work well. He made revisions as requested and the end product was something that worked properly and accurately! He well deserved the Bonus that I gave him! I would warmly recommend him to any prospective client!"
shohami,"Thanks a lot for another perfect delivery, job done as required and extremely fast, great macro! Thank you!"
adnanak,great work! thx
bwhitley24,I needed a Excel Mortgage Tool and Gig did a great job. Thanks
dwestfa,I presented what I thought would be a complicated project which Keashan handled with ease. His work was quick and I'm very pleased with the results. Thanks!
stumash,Outstanding Experience!
stumash,"a few small mistakes but corrected right away, Very responsive"
tarutaru,"Absolutely brilliant, the seller went above and beyond to help me with my complicated macro. I wouldn't choose anyone else to make Excel Macros except Keashan both in terms of skills and attitude. My best experience on Fiverr up to now!"
datingunlimited,"Great seller, thank you!"
devonshigaki,Always great
dohcjr,Outstanding Experience!
subnet_zero,Perfect transaction. Delivered quickly and macro works flawlessly. Thank you Keashan
gdejong,Keashan did a fantastic job and was very responsive to fixing glitches until the macro was working. I highly recommend Keashan!
dohcjr,Very Good Seller!
marcoluis,The reseller immediately understood my needs at delivered super fast!
dimitrie73,Outstanding Experience!
ltkh91,Poor Experience
natettey,"After 2 sellers turned down the job due to its complex nature, I had to look for a REAL expert. I only had to give a few instructions and the job got done. I was blown away because Keashan got this done in less than 2 hours. Whaaat! I highly recommend Keashan for any of your complex Excel tasks. I will surely be back."
koalajoey1,Outstanding Experience!
stefanvan1,Greats service and experience. Solution-oriented guy with great skills. I highly recommend his services.
careerbelay2,Quality Service. Repeat Order :)
kenshozen,Outstanding Experience!
njagan24,Highly recommended seller.
bestidear4me,"I had a custom App made automating job orders as they became due, also creating records and notes as needed - having this info with me on my phone is very useful. Creating the App was fast but identifying any bugs and creating it to be user friendly did take some time. Keashan was great he saw the project to the end. Thanks Again."
careerbelay2,Repeat order from Keashan. He rocks it and really good after-sales service.
topaffiliate,Excellent work!
adrianw71,Outstanding Experience!
paulwpoteete,Fantastic service.
aceofspade0,"Easy communication, most importantly understood my requirements and very professional work. Shortcut macros recreated, quick turn around and almost minimal revision required."
atochabatteaux,
xoxophd,Outstanding Experience!
shohami,"Amazing work, quick and very high quality! Thanks a lot!"
ms5150,"Excellent work, very fast turn around and responsive. Will definitely recommend and hire again in the future for more projects."
californiafrida,"I came to the table with what I thought was a pretty complex project. I needed a sheet that would take my specified information, enter it into a form, hit submit, pull all of the information off of the first page, select the next page and pull all of that information and put it into a worksheet - ALL WITHOUT ERROR. Keashan knocked it out the park."
alezzi,
skars100,Awesome fiverr. He is the macro king.
californiafrida,Outstanding Experience!
paulwpoteete,Outstanding Experience!
emezed,A very efficient and helpful VBA programmer. I recommend to everyone who need some custom Excel Macro.
stumash,Outstanding Experience!
storminorman77,"Great service, very fast and work done to specifications."
jagsweb67,Keashan immediately started this out exceeding expectations by delivering in less than 24 hrs on a 3 day delivery order. He listened to my ideas and found a solution that works perfectly. Had to revise a few bugs which he did promptly. Ive had lots of problems getting good vba fast on fiverr and know now who I will be coming back to. thanks!
questresults,
vmoroz,Very good first experience. Looking forward to continuing to work together.
careerbelay2,One of the best macro developer on fiverr. He gave me the best price and moreover the support is really good. Just go for him with your eyes closed :). Thanks Keashan.
brissono,Outstanding Experience!
stinger303,Great working with you
anthondo,Outstanding Experience!
kurtoborne,Outstanding Experience!
fripau,"I wanted to get a macro going in the quickest time, while I could go on with other priorities. I decided to outsource the task. A better man than myself solved the problem in very good time."
yuvalr,I was struggling VB with very little success. I was short in time to deliver something to my customers. I opened a request and keashan replied quickly. After 2 days (during my weekend) he sent exactly what I needed. Another request that I had was responded very quickly. So I managed to deliver on time and will save a lot of time in the future!
adilendez,Outstanding Experience!
georgeforsyth,excellent service super fast saved me so much time and effort
jazz040,"This guy is amazing, completed task well within timelines and did such a great job. HIGHLY RECOMMEND!!!!"
babelbark,Outstanding Experience!
jessicabrown412,Outstanding Experience!
babelbark,Outstanding Experience!
ambicaitech,"Great work !! I was so much satisfied with this service, he is so cool person. Delivered before time, revised until my satisfaction Delivered much and worked better than expected, I offered him some more $ for his work and effort. He deserves more than what he charges.... Highly Recommended !!! Thank you so much again"
tachoa26,
wheat7,Went the extra mile
alfasur,Fantastic as always
alfasur,"Outstanding Keashan, fantastic job as always!"
xoxophd,another great job
nguyenv10,Excellent work every time! On time and fast service!
nguyenv10,Outstanding Experience!
oguzgogus,great as expected
nguyenv10,Outstanding Experience!
simonhelite,Outstanding Experience!
nandina,Exactly what I ordered - thank you very much - Bob Kay
alejandroag,This was my first gig and it was very well done. There were some communication problems of my part in relation to what I really wanted in MACROS but Keashan knew how to arrange it immediately. I noted that he knows perfectly using macros and I wont hesitate to ask for the next gig to program in visual basic. Thanks Keashan.
nikolasjbaret,You're the best. Thank you.
nguyenv10,Outstanding Experience!
nguyenv10,Awesome!
ltsun2001,Keashan did an excellent job for me as always. Great work!
beercartel,"Excellent, thank you"
frendyte3,One of the best sellers I've dealt with. Thanks so much for the great macro work!
brissono,Outstanding Experience!
nguyenv10,Good Experience!
nguyenv10,Perfect! Thank you so much!
vrdrive,"great service as always. if you any excel or vba request, look for this seller."
ab68858807,This seller is expert in VBA & Excel. I will use again.
mario_caldera,"This is the second time I order this guy and Im just so happy with the work. He is polity, worker and reasonable."
bizmannager,Good Job Thanks for helping
ddesai,Outstanding Experience!
nikolasjbaret,Awesome service and excellent pricing. Thank you very much K!
aaronh621,awesome...!
amcfutures2,"Excellent job fulfilled all the requirements specifications. Recommended, would use again."
mattdambra,Keashan is great. I am very happy with the support and dedication to making sure everything worked smoothly.
simonhelite,This guys is incredible.
accountantteam,Thanks
rueckware,Good Experience!
lukedalach,"Great job, fast turn around!"
bizmannager,Keashan done the job and He is really Expert in VBA coding. Thanks keashan for helping me
simonhelite,This guy is amazing. I will definitely be using him again.
creating2014,"Perfect as always ! Again, fast, great job, professional work, and super friendly ! Highly Recommended ! whatever you need related to excel, he is your guy !"
salesforceadmin,Competent
vrdrive,Excellent and experience seller. Definiately will use again when solve anything on excel.
niallhickey,Excellent communication and order was delivered ahead of schedule. Highly recommended.
nikolasjbaret,Awesome delivery time and attention to detail. Went above and beyond for me. Can't thank you enough for all your work. A great fiver experience.
robertonotte,Above expectations! Excellent service!
byrocity,Perfect!
graisins,Exactly as requested! Thanks!
mario_caldera,
franksinatra,Excellent Work! Thanks!
buylowcost,
ninjabit,Awesome! Keashan is quick and very skilled! He communicated well through out my order and completed everything I asked for. I am certainly going to request him in the future for assistance if I need it. You are a life saver Keashan! I recommend him to anyone.
dmor71,"Excellent work once again. You are my ""go-to"" and thank you. This guy is super fast and easy to work with. He will work your order until it's perfect for you."
byrocity,Thanks again great work as always.
byrocity,Excellent. Great work!!!!
zlofton,Outstanding Experience!
legacymg,"Seller did not comprehend what I was trying to accomplish, after repeated attempts to explain, seller became frustrated and advised I was adding to original project when I was only trying to clarify original goal of excel spreadsheet. Ok for small, simple excel work."
dohcjr,Took his time to resolve my issues. Also helped me improve the coding number of time. Very polite and very responsible.
correctdev,Outstanding Experience!
correctdev,Awesome service! Thanks
davidoncfund,Outstanding Experience!
agulewinteredo,Awesome gig. Did a perfect job. Fast and great quality. Highly recommend it
jdirkin,Great job Keashan! Really impressed with your technical skills and the ability to help me with a really complex project! Strongly recommend!
mlred822,Thanks for the great work!
lukebyronbay,Perfect!
oam242,Excellent work and quick return time!
palastiaz,Beautifully done and spot on with what i requested!
turtlecooze,Keashan is very talented with virtual basic and excel macros and takes the time to explain the problem.
xoxophd,"2nd great project with Keashan. again, great results. we are starting a 3rd project next week."
malavpatel7,
lukebyronbay,perfect
ltsun2001,keashan was great. He responded to our requirements very quickly and got it right away. He was also very responsive with fixes to the utilities he built for us. Highly recommended.
kikixi,GREAT! Very helpful and will continue working until it works as you want it :)
xoxophd,keashan was awesome. he went above and beyond for me. i kept adding additional features and requests. some were simple and some were involve. never did keashan ask for more money. he knew i would take care of him with a tip. this guy does not complain and try to milk you for more money.
chriscade,Fast and accurate :)
jaygee284,"Really came through with project, even towards the end when I didn't know that the actual issues were on my system, he was patient with me and still very helpful. Good experience and will def use him for future projects"
superbart,"Keashan is the most reliable VBA developer in the world and would never let you down. Thank you, thank you and thank you Keashan. Next project in the pipeline, I'll get in touch in a few days. Thanks :)"
shelfmediagroup,Outstanding Experience!
agconsultcoach,"I am very pleased with the quality excel grid Keashan created. Great work, fast service --extremely accurate!"
amanmehmi,Great Work
charliewalker18,Very good seller. Easy to communicate and helpful.
tyson_clarke,"Excellent work, as always. Thanks a lot Keashan!"
colindubel,Outstanding Experience!
falsaawi,great job
bronko01,Outstanding Experience!
epocetnik,Did everything I requested on time. Great experience!
diramme,Outstanding Experience!
andrewwagnitz,Outstanding Experience!
colindubel,Outstanding Experience!
creating2014,"perfect job ! totally recommended, quick, super skilled; understands what you want or asks untill it's all clear and then delivers before the deadline! Outstanding experience !"
chad3823,Thanks again! You are the best!
chad3823,VERY FAST AND PROFESSIONAL SERVICE!
nike452,Great job as always . Help us /w exactly with what we wanted . Satisfied customer!
joaocarlosnog92,
huda36,Thank you Keashan! Great job!
gergelyszabolcs,Outstanding Experience!
k1234566,"this guy he have to change his name from Keashan to Doctor Excel ,,, he is so so so perfect , outstanding , loved him so much . Keashan thank you so much !!"
joaocarlosnog92,Perfect communication and problem solving! Will contact again if needed
fredfiver,Very good seller. Definitely a recommendation for other buyers.
alanconroy,very quick and delivered exactly what I was looking for
martinziegert,Always a pleasure to work with you!!!
cwclancy1,"Keashan was super responsive. Even though it was the weekend and early morning for Keashan, I had constant communication and action. He delivered what I wanted plus more, nothing was a problem. Great job and I will certainly use him again."
gergelyszabolcs,Outstanding Experience!
estebanfunk,"Outstanding service, great communication, very fast. I will definitely be using Keashan again in the future."
shelfmediagroup,Outstanding Experience!
devonshigaki,seriously a genius!!!
devonshigaki,
yoannd971,Very good service . Keashan is a really professional in his work..
stumash,"Excellent work, will use in future, job was done exactly to spec requested"
shelfmediagroup,Outstanding Experience!
alamotitle,Excellent job!!! Thank you so much! LOVE IT!
matchedbetter,Great gig!
jbefficiency,By far the best experience I've ever had on Fiverr. I am so impressed with Keashan. He made me a superb macro that will save me hours upon hours. Definitely recommend! What a pleasure to work with. Thank you so much Keashan!
ahmed792,Thanks for the work and the understand of the assignment
gergelyszabolcs,Excellent work! Thank you! :)
wishtec,"I have tried several excel Gig in the past but ,Keashan has always delivered as promised. If you are looking for help with your Excel Macros look no further. This is the best Excel Macro GIG on Fiverr."
guysales1,Outstanding Experience!
eddyst,AMAZING!!! Delivered work within 15 minutes!!!
rogersavage,Keashan did an excellent job! It was ready well before he promised and works very well. I would definitely recommend him for any of your Excel macro needs. I will definitely be using Keashan again.
eddyst,"Keashan was just great! Delivered complex job within a day, a job others couldn't do. A gem of a find. Highly recommend."
tayloramarotico,Great work and very knowledgeable!!! Created by macro and it works great!
dimitmant,Outstanding Experience!
tyson_clarke,Awesome!
kevbud,"Keashan is amazing! Fast, accurate, great communications. A+++++++++++++++"
rkobeyer,"I had a urgent and very complicated excel vba request. I paid two 'top rated sellers' and Keashan. I got 3 different solutions from each seller, they all work, but Keashan did the best job by far. I would not be surprised if he becomes the highest rated seller for Excel. Amazing work!"
agulewinteredo,Excellent seller. Works fast and with very good quality. Clearly understands the requirements and is very responsive. I highly recommend him for any complex Excel work
swing2,Outstanding Experience!
tkaddatz,Outstanding Experience!
kevbud,Wow! Super fast and great Service! A+++
oguzgogus,he is a very good person and he does the job just perfect.
bkhansen,;-)
huda36,Keashan is the best!
huda36,Keashan always does a great job. Forget everyone else on Fiverr. Use him for all your VBA/Macro needs.
mlrt1970,Outstanding Experience!
swing2,"Very quick, received what I asked for. Will use again for Excel VBA help."
anita_l,Outstanding Experience!
lauint,Outstanding Experience!
huda36,Excellent job Keashan!
shant1975,
martinziegert,keashan is a very skilled and very reliable developer. He never will let you down and works as long as you get what you paid for. He is a highly recommendable Excel developer with great skills.
racheltanlinked,"Keashan is really patient, has excellent communication and met all expectations. Will definitely be using him for future jobs."
mlrt1970,"Great job, thanks!!"
tyson_clarke,
agulewinteredo,Great seller. Fixed all the issues right away and worked really fast with great quality. Highly recommend it
harrygoldberg,delivered on time and exceeded expectations.
huda36,Keashan is the best and is very talented! He did an awesome job automating my spreadsheets and adding the functionality that I needed.
borisgefter,Unacceptable Experience
teatoxlife,Lightning fast turn around. May be it was a simple macro for his expertise but i did not expect to see order delivered in 30 minutes or less. Excellent service provider. Will recommend and use for my future needs. Thanks.
riceman1964,"Fantastic job, fastest delivery ever. Very professional. Cheers :)"
matchedbetter,Awesome and quick work as always! Use this guy!
falsaawi,Great job as always.
huda36,This is my third time using Keashan and he always does an excellent job. I would highly recommend using his services.
superbart,Keashan is the best of the best. 5 Projects over 3 months and I am hungry for more. Next project already in pipeline. Thank you and Thanks Sri Lanka for having honest and hardworking people like Keashan and others. Sri Lanka is no doubt my first choice for outsourcing since I met Keashan!
rshallewell,Keashan is a true professional. Great service and great result
timofey8,Amazing!!! Best excel specialist on fiverr!!! Went above and beyond with my request. THANK YOU
michaels5,"Great work, very responsive and knowledgeable. Will use again most definite."
admarol,Thanks for all your hard work on this Keashan! You did a great job and I look forward to the day when we can work on another gig together.
francoise1976,Outstanding Experience!
crystal_lake,Exceptional & Highly Recommend for Excel VBA Macros!
kshaw1,Excellent work
jessicabrown412,"Keashan is the best excel person on fiverr. Always great prices, and delivers work ahead of schedule. Happy to make adjustments. Have used several times and always excellent!"
jimmy8888,Superb ! thanks
dmor71,Very quick and very good work. Thanks.
matchedbetter,Quick and great as always.
profile_studio,Works like a charm! Great job!
ibcanada,Excellent service and at lightning speeds. Highly recommended.
bernie_map,Great job!
matchedbetter,"The seller has a great knowledge of Excel, works hard and has excellent communication. Highly recommended!"
huda36,Great work and quick turn around! I will definitely be doing business with Keashan again.
joeysaw,Great
nautique27,Perfect! Awesome service and will use again in the future!
bdavis1977,"Great work, will use again soon."
superbart,Great Experience working with Keashan. Best programmer on Fiverr. 5 projects so far I think I have actually lost count haha. Preparing requirements list for the next project. Thanks.
yonimathh,This saved me hours of data entry at a reasonable price. Great work.
fredboishamel,Excellent service! I won't hesitate to contact this seller again.
stuarth1,"Quick and accurate. Not too much back and forth, very happy. Stuart"
itsmebestz,Nice work
lerime,"It was a real pleasure to work with Keashan, he has delivered exactly what I was looking for. Thanks a lot"
profile_studio,"Perfect, Thanks! Will use again"
tobyornottobe,Great developer
laniyar,Outstanding Experience!
janesmith507,"Keashan was very responsive and made several changes very quickly that I asked for. It took a few steps to get it finalized, and he was always very communicative. The end result is great! I'll use him again in the future!"
huda36,keashan did a fantastic job by completing a task for me that many sellers have canceled due to the difficulty. I would recommend using keashan for his expertise.
innonline,"Very well done!! Awesome responsive, helpful and fast!"
nike452,"Many many thanks , great programmer , excellent job !"
darkwincray,Outstanding Experience!
darkwincray,Outstanding Experience!
challengejp,Very quick turnaround and commuication! I had a few modifications to be made and Keashan made them right away without any complaint:) I recommend him!
darkwincray,Outstanding Experience!
tyson_clarke,Always the best!
matchedbetter,
tecnow,"This Guy is brilliant , I requested multiple revisions and he did them without a fuzz . Highly recommend, Will order again"
superbart,"It is an amazing experience working with Keashan. He successfully completed my four projects in 2 months and I think I will have work for him for the rest of the year. After reviewing this order, I'll be finalizing requirements for the next one. Thanks Keashan."
brunoevangelist,
laniyar,Keashan was very patient with my many revision requests and delivered exactly what I wanted. Thank you.
tomrijntjes,Keashan helped me integrate an excel file in a web based tool utilizing a post request macro. Great seller.
superbart,Thanks Keashan for being there for me. I am quite sure our business relation will go a long way. Third project within a month and gearing up for the fourth one in the next month. Thanks
lukedalach,Keashan did a good job and stuck with the project until we had it right. He even added some functionality I didn't think of. Well done.
kellerem,Great response time and delivered great code. Thanks!!!!
superbart,"Amazing experience working with Keashan, I would highly recommend his service to everyone reading this review. I have ordered twice from him and about to place the third order just in one month time. Thanks"
alifernand,"Keashan is just amazing at what it does, a very smart guy. This's my second project with him and this time around I asked him to do something quite complicated, but he handled it like a pro and delivered within a few hours. Great communication, just Outstanding. I'll be using him again and again..."
alfasur,Outstanding as always Keashan !!!
vittles7,Excellent work with multiple revisions. Thank you
cougarbatterie,"I marked this gig as finished although the macro is not working 100%. I didn't request another modification because Keashan spent already a lot of time on my macro. He communicates well and is competent, but I notice he gives up easily if the going gets tough. Nevertheless, I do recommend his gigs."
redrise,"Keashan is the absolute best at VBA. It blows my mind every time I work with him, it is simply flawless."
madmixmedia,This was a hard case but we made it to the end. Thank you Keashan. See you next year. I might need help with this again. :)
barthuys,Outstanding Experience!
bigmonstermktg,will be bookmarking this Keashan. Work was fast and accurate! Thank you!
irvalme,Outstanding Experience!
markusdaniel,"Thank you Keashan. I was stuck on those 2 questions and spent days trying to fix something that you have done in only one day. God forbid, if I ever have to use excel again and get stuck I am coming straight to you!"
elisklar800,Keashan was great - I very much appreciate the work he did and would certainly not hesitate to return for future projects.
jonunearthed,
annem1,Brilliant service as always
jmprestidge,absolutely amazing work. coming back again
aequytas,Good Experience!
mvolkin,great job thanks
charleslaforge,Outstanding Experience!
changingstage,Awesome Job!!! He was able to do something with Excel that I didn't know was possible....LOL
bloggbloggen,"Wow, what a fast guy! My excel problem got resolved in minutes! Would really recommend this seller."
barbuzzim,"Very helpful, did multiple debugging and was able to provide me exactly what i wanted. Would definitely use again in future."
terrelljones23,great work thank you
santynair,
ttrower1,Outstanding Experience!
mastermind8500,
tomrijntjes,I asked Keashan to do something quite complicated and he handled it like a pro. I recommend this seller.
paul_lo,Excellent Service !!!!!!!!! Highly Recommended
agrabher,This is awsome! Thank you so much!
superbart,"Great Experience :). Keashan is an amazing VBA coder, he did the phase one of my project. Will hire him again today for phase 2. Keashan will be working with me for at least 2 more months. Thanks :)"
tyson_clarke,Awesome guy. Gets me exactly what I want. Revises when I've screwed up instructions. Highly recommend!
resourcefulness,
sabilsalim,Good Experience!
mdragan,"Excel macro work great, grab and format automatic phones from text work Excellent ! 5 +++++"
paul_lo,Excellent Work. This is my second time to use Keashan Service and I will continues to use
redrise,Keashan is the absolute best excel VBA Fiverr Gig. Probably the best Fiverr Gig I've ever purchased.
vincentdeleon00,Fabulous work. My request is practically to turn an apple into an orange - and Keashan did it perfectly. Will definitely be doing business again with this seller. Thanks again Keashan!
paul_lo,Excellent Service and quick delivery. I am impressed with KeaShan knowledge and professional I highly recommend KeaShan service
havaikinui,
vfineide,"Thank you! Very fast delivery, and the result exactly as wanted."
alexsmailes3,Looks perfect. I will likely need a macro so every so often and I will gladly return to your service. Fast turnaround and exactly what I needed. Thanks!
mauri7703,"Perfect job, thanks a lot"
zqisblogshop,Highly recommends seller ! Awesome work!
hobbysauger,"keashan is a very good seller. Formula was not possible without formula, but he managed to do the task with vba perfectly!"
redrise,Never had a better experience on fiverr than I have with Keashan. He is the best VBA Expert on here.
redrise,The best fiverr has to offer in VBA and Excel. Keashan has done what I thought to be was impossible. Five stars / A+++
jupiter28189,Outstanding Experience!
redrise,5 stars all around. Another great job done quickly. Thanks Keashan!
hjaynes,Awesome work! Thanks so much for your prompt deliver!
redrise,Amazing Seller A+++ will purchase many more gigs from again.
stevezeleny,
corbinj1,Quick and perfect on the first try... Worth every penny.
sukeband,Outstanding Experience!
pops313,
saartjieeksteen,Thanks Keashan for your outstanding work! Perfect!
ezgideniz,Outstanding Experience!
markcamball,Had my work done as requested within a couple hours. Thanks!
markcamball,Couldn't have been better
bestidear4me,"Another successful gig done, really happy with the result."
accesscommunity,Awesome work. Quick delivery. Well recommended
havaikinui,HI Satisfaction thank you !!!
abhimodi07,Very Fast & Quality Work. I didn't expect this will be done so fast. In Simple I'm very Happy. Save Months of work.
sham_24365,delivery before the commitment good job trust worthy for all excel related work
annem1,Excellent service as always. Thank you
alifernand,"He delivered a great work, outstanding experience, Thank you."
julieals,Your work is truly remarkable! The macro is amazing. I may have more projects. Thank you very much.
tyson_clarke,Outstanding Experience!
zoeftw,"Very helpful and very fast! Thank you so much, perfect :)"
fundingsmiles,Good Experience!
peterreeves1986,Another Good experience. Timely and delivered on what was asked!
kalirara,very quick turnaround. very helpful would work with again. 5 (five) stars
bestidear4me,"His work was above and beyond, I highly recommend this seller, he had a commitment to follow though with the Gig and delivered exactly what I had hoped for. I could not ask for more. Thank you."
slinky77,A+++++ Really amazing! Great communication - fast turn around time and very very intelligent with excel and programming!
fundingsmiles,"Good work, always. Responsive. This was my 2nd purchase and I plan to use this service again"
fernanm,"great guy, he did what i ask him to do. Very knowledgeable too. I will use this service again"
peterreeves1986,Was extremely helpful with making sure to understand what I was asking for. Delivered the service in an extremely timely fashion. Would highly recommend!
arlindm,"100% recommended, will definitely do business again"
masoud1986,
theloveexpert,
virusakabatman,"Thanks a lot Mr.Keashan. You have delivered a wonderful piece of work. I am truly thankful to you for finishing it within two days. Thanks a lot once again. If there is any doubts or task that I cannot cope up regarding VBA, I will definitely seek your help. Nice working with you. Take care."
bobtastic,Excellent work. Thanks again
krisuk,Absolutely Fantastic!
onesurya,:) Excellent ! Thank you again :)
rsookoo,This guy is amazing to work with. Very good rates! He knows his stuff and is very thorough in explaining his work. He included a video explaining step by step his logic and code. He delivered the project ahead of time and exceeded my expectations. Will definately work with again in the future.
onesurya,Excellent jobs!!!
charleslaforge,Outstanding Experience!
tommytrc,Well done. I love my macro. Works like a champ and the price was right!
bobtastic,Great seller. Very fast service with excellent clear communications. Would use again and recommend to all.
traviskrell,Very nice work.
annem1,Outstanding Experience!
mifcmsxi4ot,"Great work, thank you!"
skars100,Awesome fiver...when above and beyond!!!
krisuk,
nexcelsior,Excellent Seller
mifcmsxi4ot,"Always a pleasure to work with, thank you!"
krisuk,
iluvflyn,
onesurya,I recommend Keashan to anyone on Fiverr who will want his job to be done perfectly. Do not look for somebody else. Keashan is the one! :)
nexcelsior,Excellent work
zimmerd,Great job! Exactly what I wanted. I will definitely have more work for you in the future.
onesurya,:) I thank Keashan for his excellent work he has done for me. I am really pleasant with his work and for this reason I am keeping him as my advisor and helper of my personal projects. Thank you again!
mattygabby,He was very fast and did exactly what I wanted.
cteaaaus1,Super fast and efficient. Thanks!
zimmerd,Fast and accurate!
francostar,"This is my second order and I will order more from Keashan. Excellent work, delivers in a timely manner and he is right on the ball with every single request! A pleasure to work with you Keashan. Thanks!"
zundik,All went easy and simple. keashan had no problem understanding my requests and was able to deliver exactly what I needed very quickly. Thanks. Will use again
mifcmsxi4ot,"Excellent work, thank you!"
mifcmsxi4ot,"Excellent work, thank you!"
paweathers,
genmike,"This was a simple gig, but it was done quickly and correctly! Thanks."
mifcmsxi4ot,"Excellent work, thank you!"
francostar,Excellent work! I am impressed with the results. Keashan also delivered a video to explain me how to use the files that I requested. Beyond expectations. For sure I will use Keashan services again. Thanks for the good and prompt work.
kuma2626,Extremely content with this seller who is definitely going the extra mile to make his customers happy. It is a pleasure to work with him. Will work with him again. Until then thank you very much!
mavisionline,"thanks again Keashan, allways a pleasure working with you"
joel_smedberg,Outstanding Experience!
mifcmsxi4ot,Excellent communication and service!
mifcmsxi4ot,Excellent communication and service!
kaazur,"Keashan is simply great, second custom order he does for me, always delivers ahead of time and is great at communicating with his buyer! I highly recommend him!"
ambermorel,This seller was awesome...Everything was done quickly and response time was so quick! Thanks!
ptemo1977,Outstanding Experience!
jessicabrown412,Wonderful job again! Was very patient and did multiple revisions when it was my fault for providing wrong data. So easy to work with. Thank you again for an excellent job
grewinski,Excellent work! Thank you.
rohankb,Keashan saved a ton of our time with his expertise in Excel. Would recommend him without question. Thanks again and again! Will be in touch should we need your help again.
grbaseball,
jessicabrown412,outstanding service and result! Thank you for another fantastic job.
kaazur,"Keashan is amazing, he took on a job that most on Fiverr refused to do, and completed it before the time that he said he would; all while keeping great communication with me and sending me regular updates so that I could see the progress being made. I would recommend Keashan to anyone!!!"
jessicabrown412,Fantastic! Completed an excel task I had been trying to figure out myself all day in minutes and gave me the formula. Super happy!
jmholder21,Thanks for your help - very much appreciated!
paweathers,
jmholder21,Very helpful - thanks so much for your assistance with this project!
ventas23,Fantastic job! Thanks a lot for the great service.
dman1234567,Amazing developer!!!!!!!!!!!!!!!!!!!!!!!!!!!!!!!!!!!!!!!!!!!!!!!!!!!!!!!!!!!!!!!! As promised!
cnrtech,
ewaldkoenig,Keashan impressed me with an immediate understanding of the problem and so he was able to deliver the solution quickly. Good work!
fundingsmiles,Very satisfied with the work. Professional and nice guy. Recommend his work.
meilingtt,I came back again because he is very knowledgeable in Excel. Honest seller and very good Thanks again
skars100,Awesome fiverr...Will use again.
liliflight,Love your work.
mavisionline,"Top, amazing, big challenge, and he made it."
rakib19,Very fast and so responsive :)
annem1,Very quick and very efficient. Keashan is always a pleasure to deal with.
peterfiveer,Thank you Keeshan - you know your stuff!
thekrysot,Good Experience!
crl2014,Keashan was absolutely great to work with. We had a difficult Excel problem which two other Fiverr 'experts' had refused to do. Keashan delivered a solution on time and then demonstrated a willingness to provide help and assistance to make sure we were happy with the results. Keashan is the BEST !
nedcor42002,"Thanks Keashan Very efficient and excellent service, specially being patient to listen to customer requirement to make appropriate modification. Definitely will come back for more and strongly recommend for others. Jack"
annem1,Outstanding Experience!
crisdomi,Outstanding Experience!
kkoziol,Perfectly Delivered! Fast and even provided help with my system's compatibility!!! Very Awesome!!!
mavisionline,"Thanks again, thats the way I wanted, even the complicated thinks Keashan made it again"
annem1,Outstanding Experience!
mvolkin,went above and beyond...will hire again!
mavisionline,like Always..... Really Good Job!! Thanx
gewalk,
crisdomi,"Amazing !! Exactly what I needed ! Keashan is professional, very good at Macros, and nice as well. The perfect match !"
adjoman,Great work. Exactly what I ask for.
liliflight,"Fast, perfect reliable"
jandres,Great job. Quick too. I have some more projects coming your way.
falsaawi,great work
tyffoon,"keashan is a genius. His deliverable was perfect, exactly what I asked for."
falsaawi,great job as always.
annem1,Outstanding Experience!
annem1,Great work from Keashan ....again.
ngrotra,Keashan.. your work is amazing. Will definitely use you again. Thank you for solving our issues so promptly.
mavisionline,"ABSOLUTELY AMAZING, WOULD RECOMMEND TO EVERYONE."
annem1,Outstanding service. Keashan understood what I needed and delivered exactly as promised. Highly recommended
bobmayo56,
liliflight,Great Job. Fast. Reliable.
guefackguedia,
goldberga1,Keashan delivered high quality work in a timely and professional manner. He is highly skilled in Excel and I will definitely use his services again.
jaimecruzjr,Amazing! Thank you
pawanvarma,"This is the second project done by Keashan. As before, outstanding. I look forward to working with him on more projects in the near future."
pawanvarma,Keashan was brilliant. He got everything done as specified. Communication was great. We have already agreed on the next project.
meilingtt,Very patient and he knows his Excel. I will be back again. Thanks
centaland,Great job. Thanks for your help.
profile_studio,Outstanding Experience!
minhpho,Great Experience. Keashan went above and beyond. Will work with him again for sure.
logodesigninc,Great seller! Did exactly as i asked. Highly recommended !! :)
gordonyu,Great macro!
alanv84,Outstanding Experience!
seotservice,"Very fast delivery, proffesional freelancer. Good communication. Recommended for other buyers!"
atangabia,"Amazing! Reach your dreams faster, easier, and with less effort than you ever imagined. He offers magic fast and incredible service!"
sportspicks4you,"Fast turn-around. Perfection, was just what I needed."
meilingtt,Excellent experience. He was very patient and did all my changes. Very knowledgeable
gordonyu,Excellent Macro! Delivered Fast!
tgblake1,excellent work --
gordonyu,Another Amazing Macro Delivered Fast!
eclipseseo,YES! Nailed it! Incredible job. This seller REALLY knows his Excel. Great job!
gordonyu,The best seller on fiverr!!!
vanaconda,Very Good
ibuyatlanta,Excellent. Will continue to hire.
rwagner5,Did exactly what I needed. Fantastic work!!!
gerardyap,Satisfactory Experience
talfrelsi,Did a good job at the end. Thank you
atangabia,thank you .....Awesome quality ....thank you soo much.....and excellent delivery time
kuma2626,Outstanding Experience!
markcamball,
fxedge,This is GREAT thank you so much!!
mzimid,Great work!
gordonyu,He made some awesome macros!
javed13,Saved me so much time with his excel skills. Great help with my complicated project. Would highly recommend.
kelleyf,Keashan has helped me twice now. Prompt friendly service!
kelleyf,Thankful for Keashan's fast response and helpful service!
skars100,Amazing communication and work. Will use again
hacktheworld,Satisfied with service. Got my job done in tight deadline.
manuelgdino,AGAIN GREAT JOB very fast and precise
markcamball,Quick and solid work - exactly what I asked for.
muusika,nice work
nupe4klub,Outstanding Experience!
mcollins354,Thanks Keashan for your help!!
johnathanbriggs,Perfect. Exactly what I requested.
nwlfestylemntr,Awesome! I would definitely use this Fiverr seller again!
owenandfred,What a wizard with Excel. I highly recommend working with Keashan.
jimmy8888,superb ! thanks
seotservice,Very quick delivery and delivered exactly what I was looking for. Recommended for other buyers
bingodate,Keashan did an amazing job on my VBA project. I am so impressed that I am giving him several more projects!
cali2000,
jimmy8888,Great work ! thanks !
jasonellis6687,
wongesh,Will do more business with Keashan.
market1234,Outstanding Experience!
teneggs,Utterly brilliant. Thanks
mikemontelongo,Outstanding Experience!
devloomax,Very good and fast work!
manuelgdino,great job very fast
kuma2626,Excellent result! I am very happy!
jeffpurcell,Excellent work! Thanks so much!
bobdub,Good Experience!
mikemontelongo,Outstanding Experience!
crawfordstrat,Great solution! Thanks.
angelus748,Easy to work with and very knowledgeable about excel and macro
logisticsmod,"Keashan did a great job, followed instructions well and got me exactly what I was looking for."
dijobino,Excellent service. Highly recommended to everyone. Thank you.
rushlessone,"Keashan, Absolutely perfect, thank you for fast delivery."
the_arhitect,Great job again. Thanks Keashan!
the_arhitect,Keashan did a great job. thanks!
nelsonfilipe,"Very profissional! Super fast response and delivery. Amazing quality, thank you!"
mikemontelongo,TRULY A 6 STAR SERVICE! Ordered this job at 8 and was done by 10. I cant express how happy i am with Keashan. Worth every penny!
rushlessone,"Contacted Keashan, received a response quicker than most I contacted. Explained my problem, he asked questions, and in the end delivered exactly what I needed. Honest, fast, great choice. Thanks Keashan!"
audiovideoguy,Super-fast service! I can't believe how quickly you got that back to me. You are my go-to guy for all things vba.
mariustu,"Had a quite straightforward macro to be written dealing with moving data between sheets. Delivered promtly and without any errors. Easy communication as well, and very open to tweek delivery based on my preferences. Recommended!"
unorthodoxy,"Great communication, top work"
jeffpurcell,
manuelgdino,"great job, very fast, very understanding of what I needed"
wongesh,Very quick respond and willing to make changes. Highly recommended.
manuelgdino,"Great job, VERY fast, I will certainly used him again Thank you"
justaeration,Good Experience!
nard416,Keashan is the best. I had to hire 4 excel experts for the same project to ensure it was right. three were wrong and Keashan was right. great experience.
miracle1212,Keashan was fast to respond and did the excel job within 24hrs as I had tasked him. Thanks for the great job. Very competent
dbrown68,I had a simple error in my vba function that I couldn't find and Keashan helped me out quickly. Thank you.
cz83h5,Outstanding Experience!
opnthrottle,Excellent job with the task! Quick turnaround and great communication! Thank you!
the_arhitect,Difficult job but Keashan did a perfect job. Thanks!
workwhile,I ordered him a macro and he did it in a blink of a second :)
mark129,Thank you Keashan. Speedy service! I will be using again!
audiovideoguy,"Your fingers must be burning! That came over at lightning speed and just worked perfectly, Thanks so much and I will definitely be back for more. Highly recommended."
kapanen,"Right out of the gate it wrote the code, and sent it to me, worked perfectly without issue everytime. Will recommend, and will use again."
vikasnshah,"Great deal! Had a business critical issue, which got resolved like a cake walk. Request delivered at top speed and amendments done within minutes. Am coming back if I need any further help on Excel. Till then, good luck!"
mendysarchi,Outstanding Experience!
sixofone,Great work.
sixofone,"Fast, elegant and affordable, thanks!"
yorbelac,Top notch!
penny88,Satisfactory Experience
landing35,He is very knowledgeable and skilled in Excel. He was able to help me with some advanced vba routines and programming challenges. Thank you for your help Keashan :) I hope you are able to relax a little and have a Merry Christmas!!!
phrabe,An excellent gig! I got my VBA procedure very fast and it saved me my time. Thank you!
chasna090,High quality work from keashan!! Would definitely recommend him for future projects!!
urfinancesimple,Amazing work.. I had to come back twice.
harris_seo,This man did an awesome job really! Very prompt response. I had an Urgent project to complete and he did everything as per the instructions in my budget & required time. He even explained me things & made amendments as needed which helped me a lot. I would recommend this guy to everyone!
nguyenchristo,Outstanding Experience!
francoise1976,Very happy thank you
francoise1976,Excellent! Perfect! Thank you :)
youlibert,Outstanding Experience!
urfinancesimple,Amazing experience. I was severely undercharged for my order and was provided above and beyond customer service and quick / timely turn around. I will come here for all my excel needs.
gbeaty,Awesome job...
gbeaty,If anyone need a CSV Macro this is the GUY. He does right and if one has a problem he fixes it. I will 100% endorse him. I am so thankful I found this Gig. Good job...
landing35,A+++++ Fiverr guy for excel work. I'm very happy with his vba coding. Good communication and the delivery time of the project was right on schedule. I'm planning on doing more work with Keashan in the future. I'd recommend this gig to anyone looking for advanced vba coding and excel solutions.
landing35,I'm very happy with his vba work! Good communication and the delivery time of the project was on schedule. I'm planning on doing more work in the future with him. I'd recommend this gig to anyone looking for advanced vba coding and excel solutions...
timjamesperry,thanks
gbeaty,This guy is awesome if you need a VBA Macro. Will use again.
garrettgee,What I needed. Delivered quickly. Good job.
mariofarmakis,Outstanding Experience!
gbeaty,"Awesome job, had a couple of issues but he worked with me to resolve them. Will use again..."
tyson_clarke,"Great work mate, thank you."
tyson_clarke,Great!
shen923,"A pleasure to do business with, knows the code and delivers very fast, will use again."
ariel5212,thanks.. best seller
joshfleischmann,Keashan went above and beyond to deliver stellar results. Twelve thumbs up!
emilehanson,"Keashan is professional, knowledgeable, completes his work on time & does high quality work. I provided detailed instructions which he followed perfectly. He was even able to point out mistakes I had made which was a big help. He was a pleasure to work with & I definitely recommend him to others."
jgallan,thanks... it worked!
courtneymoser,Outstanding Experience!
nguyenchristo,"One word, awesome."
devloomax,Outstanding Experience!
isometre,great!
landing35,A+++++++ work and communication! I'm really happy with his innovative work and he delivered the gig when he said he was going to -- right down to the hour. Great work Keashan and I'm looking forward to working with you again soon. Thank you sir!
landing35,Outstanding service and communication all the way through! Really happy with the quick turnaround on this and he delivered exactly when he said he was going to. This was a completely custom vba solution - not your everyday boilerplate run of the mill stuff. Outstanding work Keashan! Thank you sir :)
kevbud,Awesome work/communication!
devloomax,Very good work and fast response!
jeffnl,Recommended. Clear communication and fast delivery. I would ask him again to create something for me.
emilehanson,excellent work. good communication. completed project on time. would definitely recommend to others
nguyenchristo,"Amazing work, thanks!!"
rricofiver,Very Fast and Motivated!
jimmy8888,great work !
devloomax,Good Experience!
sharepointsense,Excellent!
alfasur,Remarkable as usual
swishs,Quick response especially to feedback on a couple of things that took a while to get working. Definitely would recommend and use again. Thank you
sharepointsense,
jimmy8888,"great, thanks"
courtneymoser,Super fast service! Thank you.
nguyenchristo,"Fast, efficient, effective, reliable, awesome need I say more?"
jimmy8888,great excel skills
basketball101,Great work. Would use again!
jimmy8888,Nice work ! very fast ! thanks
walshwexford,Outstanding Experience!
alfasur,"Thank you Keashan, this is great and yet again brilliant work."
mattpeters,Awesome super fast service! I especially like that detailed instructions were included. Thanks!
seogamemark,"absolute genius. Thank you, it works!"
seogamemark,Wonderful to work with. Stayed with me the entire time. The modification was the icing on the cake. Recommend to work with anytime!
phiferphifer,Good Experience!
keywords_guy,"Excellent Job, great to work with and very open to listening to and understanding project requirements."
alfasur,"Keashan as always brotha, great work , thank you"
mobilecouponbud,Great work as Always! Will Definitely be back! Thanks again
recoilx,Good Experience!
cidolfus,Good Experience!
jgreenblatt,Good Experience!
landomata,great
mobilecouponbud,Great Job - Thanks again!
emileb,Outstanding Experience!
emileb,Outstanding Experience!
justinguenther,"If you're in a hurry, this provider isn't for you. Sure you'll get unlimited revisions, but none will be functional. I'm fairly certain this provider doesn't even test the spreadsheet before proclaiming the issues resolved because all one would have to do is click the button to see the error."
nguyentm,Great service. Very responsive. Delivered exactly what I wanted. Will definitely use again.
landomata,Outstanding Experience!
catsarecrits,"Made a good script and help my execute it perfectly, would recommend."
naping,This is great! Thank you for finding a great workaround solution!
thigpro,"Amazingly professional, fast and clearly an expert at working with wacky issues that come up in excel! Highly recommend"
mobilecouponbud,"Great Job, Thanks!!!"
allanarmstrong,Thanks for the quick service!!
basic1,Fast and accurate
naping,Thank you. Works great!
naping,"Wow, you are awesome! Thank you so much."
yorbelac,Best gig on Fiverr!
mobilecouponbud,"Keashan did a Great Job! Fast and Accurate... Thanks, would use again"
schazz,This is my second gig with with Keashan - as before very responsive and provides quality work quickly. Recommended.
googletps,Very help full fiverr member job done so well thanks
yorbelac,"Perfect work. Very fast, very easy communication. Flawless Fiverrer."
polarbeeer,Thanks Keashan! Thanks for your assistance and patience on this complex request. I will be back for mor assistance.
ezkrusha,Absolutely superb seller! Understood my project and made a revision no problem when I asked for it. Top quality!!! 10/10 will use again!!! Thanks KEASHAN!!!!
dhanshe,Great Stuff! this guy knows his VBA Macros
yorbelac,"Thanks Keashan, this will do just fine. I appreciate your help. I may need your help again in the future!"
alfasur,"THank you Keashan , you rock"
schazz,"Great seller, fast and quality work and communication - thanks!"
snapbox,Outstanding Experience!
markots,"Great communicator, kept word on deadline...totally happy with work,"
walshwexford,Great job by this provider. We appreciate the attention to detail & how this provider delivered a professional product. Will definitely use again.
amosredlich,Good and prompt reply. Thank yuo. Amos
alfasur,"Thank you Keashan, This worked like a charm...."
alfasur,Keashan Is an awesome programmer and very easy to work with .. I look forward to working with him again ..!
alfasur,"Excellent Service and a very experienced programmer , I will definitely work with him again .."
syncguy,Keashan is an Excel genius and is a very nice person to work with
worldcup2014,"Fantastic work! He is very efficient and quick to amending any changes I need. My first time hiring an excel VBA expert to work on my code and already the best! Thank you Keashan, I will definitely come back to you if I come across any more excel VBA problems!"
syncguy,Keashan is an excel genius . A + +
simmongchai,Good Job Well Done. I like to work together soon
ftfk00,Works hard to make sure the job is completed successfully.
hpurdey,Sensational service. Thoroughly recommended!!
